"Period: 07/2022","Basic Payment: 07/07/2022","Bonus Payment: 07/07/2022"
"Period: 1/2022","Basic Payment: 31-1-2022","Bonus Payment: 10-1-2022"
"Period: 2/2022","Basic Payment: 28-2-2022","Bonus Payment: 10-2-2022"
"Period: 3/2022","Basic Payment: 31-3-2022","Bonus Payment: 10-3-2022"
"Period: 4/2022","Basic Payment: 29-4-2022","Bonus Payment: 11-4-2022"
"Period: 5/2022","Basic Payment: 31-5-2022","Bonus Payment: 10-5-2022"
"Period: 6/2022","Basic Payment: 30-6-2022","Bonus Payment: 10-6-2022"
"Period: 7/2022","Basic Payment: 29-7-2022","Bonus Payment: 11-7-2022"
"Period: 8/2022","Basic Payment: 31-8-2022","Bonus Payment: 10-8-2022"
"Period: 9/2022","Basic Payment: 30-9-2022","Bonus Payment: 12-9-2022"
"Period: 10/2022","Basic Payment: 31-10-2022","Bonus Payment: 10-10-2022"
"Period: 11/2022","Basic Payment: 30-11-2022","Bonus Payment: 10-11-2022"
"Period: 12/2022","Basic Payment: 30-12-2022","Bonus Payment: 12-12-2022"
"Period: 1/2022","Basic Payment: 31-1-2022","Bonus Payment: 10-1-2022"
"Period: 2/2022","Basic Payment: 28-2-2022","Bonus Payment: 10-2-2022"
"Period: 3/2022","Basic Payment: 31-3-2022","Bonus Payment: 10-3-2022"
"Period: 4/2022","Basic Payment: 29-4-2022","Bonus Payment: 11-4-2022"
"Period: 5/2022","Basic Payment: 31-5-2022","Bonus Payment: 10-5-2022"
"Period: 6/2022","Basic Payment: 30-6-2022","Bonus Payment: 10-6-2022"
"Period: 7/2022","Basic Payment: 29-7-2022","Bonus Payment: 11-7-2022"
"Period: 8/2022","Basic Payment: 31-8-2022","Bonus Payment: 10-8-2022"
"Period: 9/2022","Basic Payment: 30-9-2022","Bonus Payment: 12-9-2022"
"Period: 10/2022","Basic Payment: 31-10-2022","Bonus Payment: 10-10-2022"
"Period: 11/2022","Basic Payment: 30-11-2022","Bonus Payment: 10-11-2022"
"Period: 12/2022","Basic Payment: 30-12-2022","Bonus Payment: 12-12-2022"
"Period: 07/2022","Basic Payment: 29-07-2022","Bonus Payment: 11-07-2022"
"Period: 1/2022","Basic Payment: 31-1-2022","Bonus Payment: 10-1-2022"
"Period: 2/2022","Basic Payment: 28-2-2022","Bonus Payment: 10-2-2022"
"Period: 3/2022","Basic Payment: 31-3-2022","Bonus Payment: 10-3-2022"
"Period: 4/2022","Basic Payment: 29-4-2022","Bonus Payment: 11-4-2022"
"Period: 5/2022","Basic Payment: 31-5-2022","Bonus Payment: 10-5-2022"
"Period: 6/2022","Basic Payment: 30-6-2022","Bonus Payment: 10-6-2022"
"Period: 7/2022","Basic Payment: 29-7-2022","Bonus Payment: 11-7-2022"
"Period: 8/2022","Basic Payment: 31-8-2022","Bonus Payment: 10-8-2022"
"Period: 9/2022","Basic Payment: 30-9-2022","Bonus Payment: 12-9-2022"
"Period: 10/2022","Basic Payment: 31-10-2022","Bonus Payment: 10-10-2022"
"Period: 11/2022","Basic Payment: 30-11-2022","Bonus Payment: 10-11-2022"
"Period: 12/2022","Basic Payment: 30-12-2022","Bonus Payment: 12-12-2022"
"Period: 1/1950","Basic Payment: 31-1-1950","Bonus Payment: 10-1-1950"
"Period: 2/1950","Basic Payment: 28-2-1950","Bonus Payment: 10-2-1950"
"Period: 3/1950","Basic Payment: 31-3-1950","Bonus Payment: 10-3-1950"
"Period: 4/1950","Basic Payment: 28-4-1950","Bonus Payment: 10-4-1950"
"Period: 5/1950","Basic Payment: 31-5-1950","Bonus Payment: 10-5-1950"
"Period: 6/1950","Basic Payment: 30-6-1950","Bonus Payment: 12-6-1950"
"Period: 7/1950","Basic Payment: 31-7-1950","Bonus Payment: 10-7-1950"
"Period: 8/1950","Basic Payment: 31-8-1950","Bonus Payment: 10-8-1950"
"Period: 9/1950","Basic Payment: 29-9-1950","Bonus Payment: 11-9-1950"
"Period: 10/1950","Basic Payment: 31-10-1950","Bonus Payment: 10-10-1950"
"Period: 11/1950","Basic Payment: 30-11-1950","Bonus Payment: 10-11-1950"
"Period: 12/1950","Basic Payment: 29-12-1950","Bonus Payment: 11-12-1950"
"Period: 12/2022","Basic Payment: 30-12-2022","Bonus Payment: 12-12-2022"
"Period: 09/2022","Basic Payment: 30-09-2022","Bonus Payment: 12-09-2022"
"Period: 09/2022","Basic Payment: 30-09-2022","Bonus Payment: 12-09-2022"
"Period: 3/2022","Basic Payment: 31-3-2022","Bonus Payment: 10-3-2022"
"Period: 7/2022","Basic Payment: 29-7-2022","Bonus Payment: 11-7-2022"
